membership_id,sha256,package_name,row_kind,review_unit_id,evidence_packet_reference,evidence_packet_sha256,component_identity_reference,method_identity_reference,materialization_version,review_event_id,reviewer_id,R_predicate_result,R_evidence_status,I_predicate_result,I_evidence_status,S_predicate_result,S_evidence_status,A_predicate_result,A_evidence_status,gold_authz_label,primary_gold_unknown_reason,gold_unknown_reason_codes,reviewer_confidence,reviewer_notes,reviewed_at,spec_version,guide_version
golden-50-v1:335f0260b9bb399aaba99970bcc8811cd7573297176de46bdc5cd3b8bfe3eab9,335f0260b9bb399aaba99970bcc8811cd7573297176de46bdc5cd3b8bfe3eab9,ru.zveryatki.stado,apk_membership_placeholder,,,,,,,,,,,,,,,,,,,,,,,,
golden-50-v1:0f170461446772bb82d0f5645db9a86f1949c4dcbf66bae63566104de896b85c,0f170461446772bb82d0f5645db9a86f1949c4dcbf66bae63566104de896b85c,com.facebook.groups,apk_membership_placeholder,,,,,,,,,,,,,,,,,,,,,,,,
golden-50-v1:3457f8d0395468e54343ab25fafd80f1a354a5cfa873076ca65bba4192ccd08b,3457f8d0395468e54343ab25fafd80f1a354a5cfa873076ca65bba4192ccd08b,com.sonoc.janome.wormix,apk_membership_placeholder,,,,,,,,,,,,,,,,,,,,,,,,
golden-50-v1:ce71f089acc45f8c5c6d29c6a46e05462dc21b4875da89e2476d6a676719d4f3,ce71f089acc45f8c5c6d29c6a46e05462dc21b4875da89e2476d6a676719d4f3,com.zu.zu,apk_membership_placeholder,,,,,,,,,,,,,,,,,,,,,,,,
golden-50-v1:37582c51779a48625e7f91b8306879ddfc2c31ace5e902d56d9c5b3239e3fc25,37582c51779a48625e7f91b8306879ddfc2c31ace5e902d56d9c5b3239e3fc25,com.note.donote,apk_membership_placeholder,,,,,,,,,,,,,,,,,,,,,,,,
golden-50-v1:9ed8ab7e87e40e3235b91f0e0b3275f65ccddbb415c715babead156424d2c538,9ed8ab7e87e40e3235b91f0e0b3275f65ccddbb415c715babead156424d2c538,eom.johndev.smitinst,apk_membership_placeholder,,,,,,,,,,,,,,,,,,,,,,,,
golden-50-v1:82e4db9b9ced3a7e76043c1e4ed4fe4e87c947ccd6a225593fc9268f9681049f,82e4db9b9ced3a7e76043c1e4ed4fe4e87c947ccd6a225593fc9268f9681049f,cn.com.lw.LSD_01_fox,apk_membership_placeholder,,,,,,,,,,,,,,,,,,,,,,,,
golden-50-v1:b25778b872359eae200437e38108bc5c4100c4a2dc6271d306dc9cb7edaec180,b25778b872359eae200437e38108bc5c4100c4a2dc6271d306dc9cb7edaec180,com.lockwoodpublishing.avakinlife,apk_membership_placeholder,,,,,,,,,,,,,,,,,,,,,,,,
golden-50-v1:418ddc54d343090c1280398024261dc57ee4f7f1655ffb1eb5e8e5b221eb2102,418ddc54d343090c1280398024261dc57ee4f7f1655ffb1eb5e8e5b221eb2102,com.vayunmathur.contacts,apk_membership_placeholder,,,,,,,,,,,,,,,,,,,,,,,,
golden-50-v1:9c6c0b7cda3bf2bcd00b2b75ab39f0517808a685514e1de9dd6b97d0af6a200d,9c6c0b7cda3bf2bcd00b2b75ab39f0517808a685514e1de9dd6b97d0af6a200d,com.ksz.ambfkb,apk_membership_placeholder,,,,,,,,,,,,,,,,,,,,,,,,
golden-50-v1:de3ff71d1d746455c1def3d90d97524d1c3d7007e654fe34427ef8406706bf3f,de3ff71d1d746455c1def3d90d97524d1c3d7007e654fe34427ef8406706bf3f,ppw01.ppw02.view,apk_membership_placeholder,,,,,,,,,,,,,,,,,,,,,,,,
golden-50-v1:73cd2e8ab426c6b256ef82452629ed42ec0e0813db4b2287bac726e9d7d77b98,73cd2e8ab426c6b256ef82452629ed42ec0e0813db4b2287bac726e9d7d77b98,ru.erofon,apk_membership_placeholder,,,,,,,,,,,,,,,,,,,,,,,,
golden-50-v1:9a50dc3ee38b4413c9e2c2100bb22f787a38dbbc82a2e45dd4ea191b8a413029,9a50dc3ee38b4413c9e2c2100bb22f787a38dbbc82a2e45dd4ea191b8a413029,io.codeberg.allibragi.whatiwatch,apk_membership_placeholder,,,,,,,,,,,,,,,,,,,,,,,,
golden-50-v1:d33744f69860f89a60d0f078018113a09d61905118f2aad05ea80b240329173f,d33744f69860f89a60d0f078018113a09d61905118f2aad05ea80b240329173f,com.hyl.alarm,apk_membership_placeholder,,,,,,,,,,,,,,,,,,,,,,,,
golden-50-v1:0c28d471a1ee273a03f761e373e98250f60e37a99c2ccadfef5036ececce6516,0c28d471a1ee273a03f761e373e98250f60e37a99c2ccadfef5036ececce6516,uscartools.USTravelConverter,apk_membership_placeholder,,,,,,,,,,,,,,,,,,,,,,,,
golden-50-v1:b530df9364fbbefb221cf716c7c13835b8b69c82778993aa3440df0f9a6c1259,b530df9364fbbefb221cf716c7c13835b8b69c82778993aa3440df0f9a6c1259,com.asobimo.toramonline,apk_membership_placeholder,,,,,,,,,,,,,,,,,,,,,,,,
golden-50-v1:8c064575a9fcc53ddc7c8d2c9f4fce88d2d976a5cf8cf730d277b41bf3bba635,8c064575a9fcc53ddc7c8d2c9f4fce88d2d976a5cf8cf730d277b41bf3bba635,com.gesur.pubev.block.citywars,apk_membership_placeholder,,,,,,,,,,,,,,,,,,,,,,,,
golden-50-v1:9807923677bdad15ad73975167887bbbff8a25bca99736b25f88ff02600a382d,9807923677bdad15ad73975167887bbbff8a25bca99736b25f88ff02600a382d,home.solo.launcher.free,apk_membership_placeholder,,,,,,,,,,,,,,,,,,,,,,,,
golden-50-v1:fa052da4b3b2f0be2de02f168c5cd5e4f240f76eaa53f78a330fd35397176dcc,fa052da4b3b2f0be2de02f168c5cd5e4f240f76eaa53f78a330fd35397176dcc,com.finu.varok.clash.royale,apk_membership_placeholder,,,,,,,,,,,,,,,,,,,,,,,,
golden-50-v1:e2bfefe52c57a133d438a256f2fd6e73397913ee1d2d126b1ebeb63bdcc186df,e2bfefe52c57a133d438a256f2fd6e73397913ee1d2d126b1ebeb63bdcc186df,edu.Midwest.fable,apk_membership_placeholder,,,,,,,,,,,,,,,,,,,,,,,,
golden-50-v1:60f5f450f9c4651f182abb7fa31ba25dfe6aa74d4007e7cafb3a906738b43d85,60f5f450f9c4651f182abb7fa31ba25dfe6aa74d4007e7cafb3a906738b43d85,com.adobe.flpview,apk_membership_placeholder,,,,,,,,,,,,,,,,,,,,,,,,
golden-50-v1:43cf3d7a8b5f7509f28b2cd6019b085f1a5529cdc7e3379f7915e59c37fa0e89,43cf3d7a8b5f7509f28b2cd6019b085f1a5529cdc7e3379f7915e59c37fa0e89,eu.margaritasoft.firstdevelop,apk_membership_placeholder,,,,,,,,,,,,,,,,,,,,,,,,
golden-50-v1:1092263f40bde3e9afa18b3061f9b4baaf1c4473d72ce5f3b690ab366b1f9d36,1092263f40bde3e9afa18b3061f9b4baaf1c4473d72ce5f3b690ab366b1f9d36,de.nico.asura,apk_membership_placeholder,,,,,,,,,,,,,,,,,,,,,,,,
golden-50-v1:d1edd6abf7c1c15622fe6bf6bb4b33a9dc1e0595ed9a7af3d07c42f859939296,d1edd6abf7c1c15622fe6bf6bb4b33a9dc1e0595ed9a7af3d07c42f859939296,pozlcn.n.xpmxdqtxg,apk_membership_placeholder,,,,,,,,,,,,,,,,,,,,,,,,
golden-50-v1:6727f7334e3896f61ec5ab9684d42e300a77e3883687cede98973781dbf0ca6e,6727f7334e3896f61ec5ab9684d42e300a77e3883687cede98973781dbf0ca6e,com.rgbmobile.app.applock,apk_membership_placeholder,,,,,,,,,,,,,,,,,,,,,,,,
golden-50-v1:38fd827b5d68a40147995ae833f17f6bab1f623de9c53e68f99a71e99a801e51,38fd827b5d68a40147995ae833f17f6bab1f623de9c53e68f99a71e99a801e51,zzzzzz.xxxxxx.cccccc,apk_membership_placeholder,,,,,,,,,,,,,,,,,,,,,,,,
golden-50-v1:223f9bd3b434f411338ac18f9566702a2c07b187dc2170a93a184abc7eceb017,223f9bd3b434f411338ac18f9566702a2c07b187dc2170a93a184abc7eceb017,com.security.service,apk_membership_placeholder,,,,,,,,,,,,,,,,,,,,,,,,
golden-50-v1:50ea70964819d3ab81a4fd728efe7ae72d8e6dc9f20fe26e4c16b6d7447b83b2,50ea70964819d3ab81a4fd728efe7ae72d8e6dc9f20fe26e4c16b6d7447b83b2,org.openintents.flashlight,apk_membership_placeholder,,,,,,,,,,,,,,,,,,,,,,,,
golden-50-v1:a55f1cc60327f2eacc5c870268227079d66af90f59ca97508a850f396d3e37a8,a55f1cc60327f2eacc5c870268227079d66af90f59ca97508a850f396d3e37a8,com.kanedias.archforums,apk_membership_placeholder,,,,,,,,,,,,,,,,,,,,,,,,
golden-50-v1:78430811068b5fb038e9fbba166dfcc91e41762b66150fc935aea390652897f7,78430811068b5fb038e9fbba166dfcc91e41762b66150fc935aea390652897f7,net.datuzi,apk_membership_placeholder,,,,,,,,,,,,,,,,,,,,,,,,
golden-50-v1:75c77fdd694f0ce29b5250a3923f6e359b532cad3af7e3cca53b0a8c646ed56b,75c77fdd694f0ce29b5250a3923f6e359b532cad3af7e3cca53b0a8c646ed56b,ch.nexuscomputing.android.osciprimeics,apk_membership_placeholder,,,,,,,,,,,,,,,,,,,,,,,,
golden-50-v1:d7c69353167755ae98faf134ac0ac41195575beaa7f67e5e151d63a77781d695,d7c69353167755ae98faf134ac0ac41195575beaa7f67e5e151d63a77781d695,com.mpwhbttx.oknibjnd,apk_membership_placeholder,,,,,,,,,,,,,,,,,,,,,,,,
golden-50-v1:37e4cf5a6fd0de69912beb8abad2e544da2f01a6ecd1ca45ff86457b53dc294c,37e4cf5a6fd0de69912beb8abad2e544da2f01a6ecd1ca45ff86457b53dc294c,com.beauty.jw,apk_membership_placeholder,,,,,,,,,,,,,,,,,,,,,,,,
golden-50-v1:2a86208f517a9fdde1a0802a82af76c2e54baaa672da7390737a86859e5e099c,2a86208f517a9fdde1a0802a82af76c2e54baaa672da7390737a86859e5e099c,com.opgermany.iqtest,apk_membership_placeholder,,,,,,,,,,,,,,,,,,,,,,,,
golden-50-v1:cdc5a93b14972dbe2b2a380b93ca7ddb36d13bbdea4116d39efeee533d78ee2b,cdc5a93b14972dbe2b2a380b93ca7ddb36d13bbdea4116d39efeee533d78ee2b,com.android.market,apk_membership_placeholder,,,,,,,,,,,,,,,,,,,,,,,,
golden-50-v1:05271388befdca88923341253f42a96314538b6eda26c0eaa8343eaa81d366cf,05271388befdca88923341253f42a96314538b6eda26c0eaa8343eaa81d366cf,jp.bravo.honda,apk_membership_placeholder,,,,,,,,,,,,,,,,,,,,,,,,
golden-50-v1:fcac2a7b9e9dbf395def16775d3250ce2c0b9dc6a1b6d00299ef670c23d77309,fcac2a7b9e9dbf395def16775d3250ce2c0b9dc6a1b6d00299ef670c23d77309,com.nhnewbank,apk_membership_placeholder,,,,,,,,,,,,,,,,,,,,,,,,
golden-50-v1:340a131bfa98b0ae0eea27d85306891d057d821576597159fc4e3c44fdf4b0d8,340a131bfa98b0ae0eea27d85306891d057d821576597159fc4e3c44fdf4b0d8,com.kandian.ustvapp,apk_membership_placeholder,,,,,,,,,,,,,,,,,,,,,,,,
golden-50-v1:1a22623c5eed46f4912f373e5fd58fdff9d37173ae1d33cbc00839f05736fa8e,1a22623c5eed46f4912f373e5fd58fdff9d37173ae1d33cbc00839f05736fa8e,com.example.iperf3client,apk_membership_placeholder,,,,,,,,,,,,,,,,,,,,,,,,
golden-50-v1:5002a7377b92019b4b80b5b543adfbb0138c8930b7c9ffd8564198ca5636cbff,5002a7377b92019b4b80b5b543adfbb0138c8930b7c9ffd8564198ca5636cbff,com.aas.oqskbl,apk_membership_placeholder,,,,,,,,,,,,,,,,,,,,,,,,
golden-50-v1:def588d141ff18f5621ac001ddc769e8975f1a64b36775f366ae17fcaa416450,def588d141ff18f5621ac001ddc769e8975f1a64b36775f366ae17fcaa416450,k.microcells.footballwallpaper,apk_membership_placeholder,,,,,,,,,,,,,,,,,,,,,,,,
golden-50-v1:1e6bc212f5e7c2b0ff74feed57155d7b8f52e93ac35ad8a7680789ee27dde342,1e6bc212f5e7c2b0ff74feed57155d7b8f52e93ac35ad8a7680789ee27dde342,com.nwopakdj.qpoieop,apk_membership_placeholder,,,,,,,,,,,,,,,,,,,,,,,,
golden-50-v1:609014019d9fcc8914ae087d08cb968445683227880046973766747d14352493,609014019d9fcc8914ae087d08cb968445683227880046973766747d14352493,com.siine.referee,apk_membership_placeholder,,,,,,,,,,,,,,,,,,,,,,,,
golden-50-v1:330a51db1fe0d0e9838f3c6afc590134027d2d4a07f098903128162a84b199ae,330a51db1fe0d0e9838f3c6afc590134027d2d4a07f098903128162a84b199ae,br.com.dgimenes.nasapic,apk_membership_placeholder,,,,,,,,,,,,,,,,,,,,,,,,
golden-50-v1:a9332ae02a8d70c60a767807fb69a089b92aa803e95e33069a902f4f97508465,a9332ae02a8d70c60a767807fb69a089b92aa803e95e33069a902f4f97508465,br.com.gualandi.dailypill,apk_membership_placeholder,,,,,,,,,,,,,,,,,,,,,,,,
golden-50-v1:f7ca7a5e677ac1b5330ca3bcfa779500f66da3db7d1718af1cb59a75abf7bbca,f7ca7a5e677ac1b5330ca3bcfa779500f66da3db7d1718af1cb59a75abf7bbca,com.game.tt.yiq,apk_membership_placeholder,,,,,,,,,,,,,,,,,,,,,,,,
golden-50-v1:9b2a8728dbb9807dfc58acd8dbe3417e3733a26d706205f525131730770fc844,9b2a8728dbb9807dfc58acd8dbe3417e3733a26d706205f525131730770fc844,com.skybdatefile,apk_membership_placeholder,,,,,,,,,,,,,,,,,,,,,,,,
golden-50-v1:fcc1e46f644fea712b3c62d84a651f1c2ee384ff65bf6648c4f5cc2e60fa5540,fcc1e46f644fea712b3c62d84a651f1c2ee384ff65bf6648c4f5cc2e60fa5540,com.iqeadmcuzf.jdjgl,apk_membership_placeholder,,,,,,,,,,,,,,,,,,,,,,,,
golden-50-v1:c9f2c62aa15c969786f66248ad719e26ba0e7f554590a75734adf41c72545a1d,c9f2c62aa15c969786f66248ad719e26ba0e7f554590a75734adf41c72545a1d,com.pdragon.weshare,apk_membership_placeholder,,,,,,,,,,,,,,,,,,,,,,,,
golden-50-v1:577d922ae72061ff2dc0cb8b32e9e99a3ea636dfa1fb9851da49888915c79f1c,577d922ae72061ff2dc0cb8b32e9e99a3ea636dfa1fb9851da49888915c79f1c,com.android.html.viewer.in,apk_membership_placeholder,,,,,,,,,,,,,,,,,,,,,,,,
